"codigo","data","motorPressaoSkidA","motorPressaoSkidB","motorTransferenciaSkidA","motorTransferenciaSkidB","motorVacuo","portaUsina","status","usinada"
1,"2016-05-11 16:20:45",0,0,0,0,0,0,"FechamentoDeporta",2
2,"2016-05-11 16:20:45",0,0,1,0,0,1,"enchimento",2
3,"2016-05-11 16:20:45",0,0,0,0,1,1,"null",2
4,"2016-05-11 16:20:45",1,0,0,0,0,1,"pressao",2
5,"2016-05-11 16:20:45",0,0,0,1,0,1,"null",2
6,"2016-05-11 16:20:45",0,0,1,0,0,1,"enchimento",2
7,"2016-05-11 16:20:45",0,0,0,0,0,0,"FechamentoDeporta",2
8,"2016-05-11 16:20:58",1,0,0,0,0,0,"pressao",
9,"2016-05-11 16:22:49",1,0,0,0,0,1,"pressao",
10,"2016-05-11 16:22:56",1,0,0,0,0,0,"pressao",
11,"2016-05-11 16:27:06",0,0,0,0,0,0,"FechamentoDeporta",
12,"2016-05-11 16:27:16",0,0,1,0,0,0,"enchimento",
13,"2016-05-11 16:29:16",0,0,1,0,0,1,"enchimento",
14,"2016-05-11 16:29:26",0,0,1,0,0,0,"enchimento",
15,"2016-05-11 16:31:06",0,0,1,0,0,1,"enchimento",
16,"2016-05-11 16:31:16",0,0,1,0,0,0,"enchimento",
17,"2016-05-11 16:32:55",0,0,0,0,1,0,"vacuoInicial",
18,"2016-05-11 16:33:26",0,0,0,0,1,1,"null",
19,"2016-05-11 16:33:36",0,0,0,0,1,0,"vacuoInicial",
20,"2016-05-11 16:34:06",0,0,0,0,1,1,"null",
21,"2016-05-11 16:34:16",0,0,0,0,1,0,"vacuoInicial",
22,"2016-05-11 16:34:46",0,0,0,0,1,1,"null",
23,"2016-05-11 16:34:56",0,0,0,0,1,0,"vacuoInicial",
24,"2016-05-11 16:35:26",0,0,0,0,1,1,"null",
25,"2016-05-11 16:35:36",0,0,0,0,1,0,"vacuoInicial",
26,"2016-05-11 16:36:46",0,0,0,0,1,1,"null",
27,"2016-05-11 16:37:06",0,0,0,0,1,0,"vacuoInicial",
28,"2016-05-11 16:37:37",0,0,0,0,1,1,"null",
29,"2016-05-11 16:37:37",0,0,0,0,1,0,"vacuoInicial",
30,"2016-05-11 16:43:42",0,0,0,0,1,1,"null",
31,"2016-05-11 16:43:52",0,0,0,0,1,0,"vacuoInicial",
32,"2016-05-11 16:44:22",0,0,0,0,1,1,"null",
33,"2016-05-11 16:44:32",0,0,0,0,1,0,"vacuoInicial",
34,"2016-05-11 16:47:52",0,0,0,0,1,1,"null",
35,"2016-05-11 16:48:02",0,0,0,0,1,0,"vacuoInicial",
36,"2016-05-11 16:48:32",0,0,0,0,1,1,"null",
37,"2016-05-11 16:48:42",0,0,0,0,1,0,"vacuoInicial",
38,"2016-05-11 16:49:12",0,0,0,0,1,1,"null",
39,"2016-05-11 16:49:22",0,0,0,0,1,0,"vacuoInicial",
40,"2016-05-11 16:49:52",0,0,0,0,1,1,"null",
41,"2016-05-11 16:50:02",0,0,0,0,1,0,"vacuoInicial",
42,"2016-05-11 16:52:12",0,0,1,0,1,0,"enchimento",
43,"2016-05-11 16:52:22",0,0,1,0,0,0,"enchimento",
44,"2016-05-11 16:52:42",0,0,0,0,0,0,"FechamentoDeporta",
45,"2016-05-11 16:53:02",0,0,0,0,0,1,"(AberturaDePorta)",
46,"2016-05-11 16:53:12",0,0,0,0,0,0,"FechamentoDeporta",
47,"2016-05-11 16:55:03",0,0,0,0,0,1,"(AberturaDePorta)",
48,"2016-05-11 17:12:53",0,0,0,0,0,0,"FechamentoDeporta",
49,"2016-05-11 17:13:53",0,0,0,0,1,0,"vacuoInicial",
50,"2016-05-11 17:15:13",0,0,0,0,1,1,"null",
51,"2016-05-11 17:15:23",0,0,0,0,1,0,"vacuoInicial",
52,"2016-05-11 17:15:53",0,0,0,0,1,1,"null",
53,"2016-05-11 17:16:03",0,0,0,0,1,0,"vacuoInicial",
54,"2016-05-11 17:16:33",0,0,0,0,1,1,"null",
55,"2016-05-11 17:16:43",0,0,0,0,1,0,"vacuoInicial",
56,"2016-05-11 17:17:13",0,0,0,0,1,1,"null",
57,"2016-05-11 17:17:23",0,0,0,0,1,0,"vacuoInicial",
58,"2016-05-11 17:17:53",0,0,0,0,1,1,"null",
59,"2016-05-11 17:18:03",0,0,0,0,1,0,"vacuoInicial",
60,"2016-05-11 17:21:53",0,0,0,0,1,1,"null",
61,"2016-05-11 17:22:03",0,0,0,0,1,0,"vacuoInicial",
62,"2016-05-11 17:22:33",0,0,0,0,1,1,"null",
63,"2016-05-11 17:22:43",0,0,0,0,1,0,"vacuoInicial",
64,"2016-05-11 17:26:43",0,0,0,0,1,1,"null",
65,"2016-05-11 17:26:53",0,0,0,0,1,0,"vacuoInicial",
66,"2016-05-11 17:27:23",0,0,0,0,1,1,"null",
67,"2016-05-11 17:27:33",0,0,0,0,1,0,"vacuoInicial",
68,"2016-05-11 17:30:53",0,0,0,0,1,1,"null",
69,"2016-05-11 17:31:03",0,0,0,0,1,0,"vacuoInicial",
70,"2016-05-11 17:31:33",0,0,0,0,1,1,"null",
71,"2016-05-11 17:31:43",0,0,0,0,1,0,"vacuoInicial",
72,"2016-05-11 17:32:23",0,0,0,0,1,1,"null",
73,"2016-05-11 17:32:33",0,0,0,0,1,0,"vacuoInicial",
74,"2016-05-11 17:35:13",0,0,0,0,1,1,"null",
75,"2016-05-11 17:35:23",0,0,0,0,1,0,"vacuoInicial",
76,"2016-05-11 17:38:23",0,0,0,0,1,1,"null",
77,"2016-05-11 17:38:33",0,0,0,0,1,0,"vacuoInicial",
78,"2016-05-11 17:39:04",0,0,0,0,1,1,"null",
79,"2016-05-11 17:39:14",0,0,0,0,1,0,"vacuoInicial",
80,"2016-05-11 17:41:04",0,0,0,0,1,1,"null",
81,"2016-05-11 17:41:14",0,0,0,0,1,0,"vacuoInicial",
82,"2016-05-11 17:41:44",0,0,0,0,1,1,"null",
83,"2016-05-11 17:41:54",0,0,0,0,1,0,"vacuoInicial",
84,"2016-05-11 17:42:24",0,0,0,0,1,1,"null",
85,"2016-05-11 17:42:34",0,0,0,0,1,0,"vacuoInicial",
86,"2016-05-11 17:42:54",1,0,0,0,0,0,"pressao",
87,"2016-05-11 17:43:44",1,0,0,0,0,1,"pressao",
88,"2016-05-11 17:43:54",1,0,0,0,0,0,"pressao",
89,"2016-05-11 17:46:24",1,0,0,0,0,1,"pressao",
90,"2016-05-11 17:46:34",1,0,0,0,0,0,"pressao",
91,"2016-05-11 17:47:14",1,0,0,0,0,1,"pressao",
92,"2016-05-11 17:47:24",1,0,0,0,0,0,"pressao",
93,"2016-05-11 17:49:54",1,0,0,0,0,1,"pressao",
94,"2016-05-11 17:50:04",1,0,0,0,0,0,"pressao",
95,"2016-05-11 17:52:34",1,0,0,0,0,1,"pressao",
96,"2016-05-11 17:52:44",1,0,0,0,0,0,"pressao",
97,"2016-05-11 17:53:24",1,0,0,0,0,1,"pressao",
98,"2016-05-11 17:53:34",1,0,0,0,0,0,"pressao",
99,"2016-05-11 17:57:44",1,0,0,0,0,1,"pressao",
100,"2016-05-11 17:57:54",1,0,0,0,0,0,"pressao",
101,"2016-05-11 17:58:34",1,0,0,0,0,1,"pressao",
102,"2016-05-11 17:58:44",1,0,0,0,0,0,"pressao",
103,"2016-05-11 17:59:24",1,0,0,0,0,1,"pressao",
104,"2016-05-11 17:59:34",1,0,0,0,0,0,"pressao",
105,"2016-05-11 18:03:04",1,0,0,0,0,1,"pressao",
106,"2016-05-11 18:03:14",1,0,0,0,0,0,"pressao",
107,"2016-05-11 18:04:14",1,0,0,0,0,1,"pressao",
108,"2016-05-11 18:04:24",1,0,0,0,0,0,"pressao",
109,"2016-05-11 18:04:54",1,0,0,0,0,1,"pressao",
110,"2016-05-11 18:05:04",1,0,0,0,0,0,"pressao",
111,"2016-05-11 18:06:34",1,0,0,0,0,1,"pressao",
112,"2016-05-11 18:06:44",1,0,0,0,0,0,"pressao",
113,"2016-05-11 18:07:24",1,0,0,0,0,1,"pressao",
114,"2016-05-11 18:07:34",1,0,0,0,0,0,"pressao",
115,"2016-05-11 18:11:04",1,0,0,0,0,1,"pressao",
116,"2016-05-11 18:11:14",1,0,0,0,0,0,"pressao",
117,"2016-05-11 18:13:34",1,0,0,0,0,1,"pressao",
118,"2016-05-11 18:13:44",1,0,0,0,0,0,"pressao",
119,"2016-05-12 09:34:43",0,0,0,0,0,0,"FechamentoDeporta",
120,"2016-05-12 09:34:50",0,0,1,0,0,0,"enchimento",
121,"2016-05-12 09:40:21",0,0,1,0,1,0,"enchimento",
122,"2016-05-12 09:40:31",0,0,0,0,1,0,"vacuoInicial",
123,"2016-05-12 09:54:36",0,0,1,0,1,0,"enchimento",
124,"2016-05-12 09:54:43",0,0,1,0,0,0,"enchimento",
125,"2016-05-12 09:55:13",0,0,0,0,0,0,"FechamentoDeporta",
126,"2016-05-12 10:52:23",0,0,0,0,1,1,"null",
127,"2016-05-12 10:53:01",0,0,0,0,1,0,"vacuoInicial",
128,"2016-05-12 10:53:11",0,0,0,0,1,1,"null",
129,"2016-05-12 10:56:01",0,0,1,0,1,1,"enchimento",
130,"2016-05-12 10:56:11",0,0,1,0,0,0,"enchimento",
131,"2016-05-12 10:56:41",0,0,1,0,0,1,"enchimento",
132,"2016-05-12 10:57:11",0,0,1,0,0,0,"enchimento",
133,"2016-05-12 10:57:21",0,0,1,0,0,1,"enchimento",
134,"2016-05-12 10:59:54",0,0,1,0,0,0,"enchimento",
135,"2016-05-12 11:00:01",0,0,1,0,0,1,"enchimento",
136,"2016-05-12 11:00:41",0,0,1,0,0,0,"enchimento",
137,"2016-05-12 11:00:51",0,0,0,0,0,1,"(AberturaDePorta)",
138,"2016-05-12 11:01:01",1,0,0,0,0,1,"pressao",
139,"2016-05-12 11:01:31",1,0,0,0,0,0,"pressao",
140,"2016-05-12 11:01:41",1,0,0,0,0,1,"pressao",
141,"2016-05-12 11:02:01",1,0,0,0,0,0,"pressao",
142,"2016-05-12 11:02:11",1,0,0,0,0,1,"pressao",
143,"2016-05-12 11:03:31",1,0,0,0,0,0,"pressao",
144,"2016-05-12 11:03:41",1,0,0,0,0,1,"pressao",
145,"2016-05-12 11:04:14",1,0,0,0,0,0,"pressao",
146,"2016-05-12 11:04:21",1,0,0,0,0,1,"pressao",
147,"2016-05-12 11:07:15",1,0,0,0,0,0,"pressao",
148,"2016-05-12 11:07:25",1,0,0,0,0,1,"pressao",
149,"2016-05-12 11:09:15",1,0,0,0,0,0,"pressao",
150,"2016-05-12 11:09:35",1,0,0,0,0,1,"pressao",
151,"2016-05-12 11:09:45",1,0,0,0,0,0,"pressao",
152,"2016-05-12 11:09:55",1,0,0,0,0,1,"pressao",
153,"2016-05-12 11:10:35",1,0,0,0,0,0,"pressao",
154,"2016-05-12 11:10:45",1,0,0,0,0,1,"pressao",
155,"2016-05-12 11:19:00",1,0,0,0,0,0,"pressao",
156,"2016-05-12 11:19:10",1,0,0,0,0,1,"pressao",
157,"2016-05-12 11:19:20",1,0,0,0,0,0,"pressao",
158,"2016-05-12 11:19:30",1,0,0,0,0,1,"pressao",
159,"2016-05-12 11:19:40",1,0,0,0,0,0,"pressao",
160,"2016-05-12 11:19:53",1,0,0,0,0,1,"pressao",
161,"2016-05-12 11:20:20",1,0,0,0,0,0,"pressao",
162,"2016-05-12 11:20:30",1,0,0,0,0,1,"pressao",
163,"2016-05-12 11:21:40",1,0,0,0,0,0,"pressao",
164,"2016-05-12 11:21:50",1,0,0,0,0,1,"pressao",
165,"2016-05-12 11:23:00",1,0,0,0,0,0,"pressao",
166,"2016-05-12 11:23:10",1,0,0,0,0,1,"pressao",
167,"2016-05-12 11:24:00",1,0,0,0,0,0,"pressao",
168,"2016-05-12 11:24:10",1,0,0,0,0,1,"pressao",
169,"2016-05-12 11:25:50",1,0,0,0,0,0,"pressao",
170,"2016-05-12 11:26:00",1,0,0,0,0,1,"pressao",
171,"2016-05-12 11:26:20",1,0,0,0,0,0,"pressao",
172,"2016-05-12 11:26:40",1,0,0,0,0,1,"pressao",
173,"2016-05-12 11:27:50",1,0,0,0,0,0,"pressao",
174,"2016-05-12 11:28:00",1,0,0,0,0,1,"pressao",
175,"2016-05-12 11:31:10",1,0,0,0,0,0,"pressao",
176,"2016-05-12 11:31:20",1,0,0,0,0,1,"pressao",
177,"2016-05-12 11:32:00",1,0,0,0,0,0,"pressao",
178,"2016-05-12 11:32:31",1,0,0,0,0,1,"pressao",
179,"2016-05-12 11:33:21",1,0,0,0,0,0,"pressao",
180,"2016-05-12 11:33:31",1,0,0,0,0,1,"pressao",
181,"2016-05-12 11:34:51",1,0,0,0,0,0,"pressao",
182,"2016-05-12 11:35:01",1,0,0,0,0,1,"pressao",
183,"2016-05-12 11:36:11",1,0,0,0,0,0,"pressao",
184,"2016-05-12 11:36:21",1,0,0,0,0,1,"pressao",
185,"2016-05-12 11:36:51",1,0,0,0,0,0,"pressao",
186,"2016-05-12 11:37:01",1,0,0,0,0,1,"pressao",
187,"2016-05-12 11:37:11",1,0,0,0,0,0,"pressao",
188,"2016-05-12 11:37:21",1,0,0,0,0,1,"pressao",
189,"2016-05-12 11:39:01",1,0,0,0,0,0,"pressao",
190,"2016-05-12 11:39:21",1,0,0,0,0,1,"pressao",
191,"2016-05-12 11:40:11",1,0,0,0,0,0,"pressao",
192,"2016-05-12 11:40:21",1,0,0,0,0,1,"pressao",
193,"2016-05-12 11:46:44",1,0,0,0,0,0,"pressao",
194,"2016-05-12 11:46:51",1,0,0,0,0,1,"pressao",
195,"2016-05-12 11:47:31",1,0,0,0,0,0,"pressao",
196,"2016-05-12 11:48:21",1,0,0,0,0,1,"pressao",
197,"2016-05-12 11:49:51",0,0,0,0,0,1,"FechamentoDeporta",
198,"2016-05-12 11:50:01",0,0,1,0,0,1,"enchimento",
199,"2016-05-12 11:50:41",0,0,1,0,0,0,"enchimento",
200,"2016-05-12 11:51:04",0,0,1,0,0,1,"enchimento",
201,"2016-05-12 11:52:31",0,0,1,0,0,0,"enchimento",
202,"2016-05-12 11:52:41",0,0,1,0,0,1,"enchimento",
203,"2016-05-12 11:56:31",0,0,1,0,0,0,"enchimento",
204,"2016-05-12 11:56:41",0,0,1,0,0,1,"enchimento",
205,"2016-05-12 11:57:01",0,0,1,0,0,0,"enchimento",
206,"2016-05-12 11:57:11",0,0,1,0,0,1,"enchimento",
207,"2016-05-12 11:58:01",0,0,1,0,0,0,"enchimento",
208,"2016-05-12 11:58:11",0,0,1,0,0,1,"enchimento",
209,"2016-05-12 11:58:51",0,0,0,0,1,1,"vacuoInicial",
210,"2016-05-12 12:19:31",0,0,0,0,1,0,"null",
211,"2016-05-12 12:19:44",0,0,1,0,0,1,"enchimento",
212,"2016-05-12 12:20:51",0,0,0,0,0,1,"FechamentoDeporta",
213,"2016-05-12 12:21:31",0,0,0,0,0,0,"(AberturaDePorta)",
214,"2016-05-12 12:21:41",0,0,0,0,0,1,"FechamentoDeporta",
215,"2016-05-12 12:22:51",0,0,0,0,0,0,"(AberturaDePorta)",
216,"2016-05-12 12:23:11",0,0,0,0,0,1,"FechamentoDeporta",
217,"2016-05-12 12:25:21",0,0,0,0,0,0,"(AberturaDePorta)",
218,"2016-05-12 12:25:31",0,0,0,0,0,1,"FechamentoDeporta",
219,"2016-05-12 12:26:21",0,0,0,0,0,0,"(AberturaDePorta)",
220,"2016-05-12 12:26:31",0,0,0,0,0,1,"FechamentoDeporta",
221,"2016-05-12 12:27:11",0,0,0,0,0,0,"(AberturaDePorta)",
222,"2016-05-12 12:27:21",0,0,0,0,0,1,"FechamentoDeporta",
223,"2016-05-12 12:27:31",0,0,0,0,0,0,"(AberturaDePorta)",
224,"2016-05-12 12:27:51",0,0,0,0,0,1,"FechamentoDeporta",
225,"2016-05-12 12:30:01",0,0,0,0,0,0,"(AberturaDePorta)",
226,"2016-05-12 12:30:11",0,0,0,0,0,1,"FechamentoDeporta",
227,"2016-05-12 12:31:01",0,0,0,0,0,0,"(AberturaDePorta)",
228,"2016-05-12 12:31:21",0,0,0,0,0,1,"FechamentoDeporta",
229,"2016-05-12 12:32:21",0,0,0,0,0,0,"(AberturaDePorta)",
230,"2016-05-12 12:32:31",0,0,0,0,0,1,"FechamentoDeporta",
231,"2016-05-12 12:32:41",0,0,0,0,0,0,"(AberturaDePorta)",
232,"2016-05-12 12:32:51",0,0,0,0,0,1,"FechamentoDeporta",
233,"2016-05-12 12:35:11",0,0,0,0,0,0,"(AberturaDePorta)",
234,"2016-05-12 12:36:01",0,0,0,0,0,1,"FechamentoDeporta",
235,"2016-05-12 12:40:11",0,0,0,0,0,0,"(AberturaDePorta)",
236,"2016-05-12 12:40:21",0,0,0,0,0,1,"FechamentoDeporta",
237,"2016-05-12 12:42:21",0,0,0,0,0,0,"(AberturaDePorta)",
238,"2016-05-12 12:42:41",0,0,0,0,0,1,"FechamentoDeporta",
239,"2016-05-12 12:43:01",0,0,0,0,0,0,"(AberturaDePorta)",
240,"2016-05-12 12:43:11",0,0,0,0,0,1,"FechamentoDeporta",
241,"2016-05-12 12:43:21",0,0,0,0,0,0,"(AberturaDePorta)",
242,"2016-05-12 12:43:31",0,0,0,0,0,1,"FechamentoDeporta",
243,"2016-05-12 12:44:04",0,0,0,0,0,0,"(AberturaDePorta)",
244,"2016-05-12 12:44:11",0,0,0,0,0,1,"FechamentoDeporta",
245,"2016-05-12 12:46:11",0,0,0,0,0,0,"(AberturaDePorta)",
246,"2016-05-12 12:46:21",0,0,0,0,0,1,"FechamentoDeporta",
247,"2016-05-12 12:47:51",0,0,0,0,0,0,"(AberturaDePorta)",
248,"2016-05-12 12:48:01",0,0,0,0,0,1,"FechamentoDeporta",
249,"2016-05-12 12:49:11",0,0,0,0,0,0,"(AberturaDePorta)",
250,"2016-05-12 12:49:21",0,0,0,0,0,1,"FechamentoDeporta",
251,"2016-05-12 12:52:11",0,0,0,0,0,0,"(AberturaDePorta)",
252,"2016-05-12 12:52:21",0,0,0,0,0,1,"FechamentoDeporta",
253,"2016-05-12 12:52:51",0,0,0,0,0,0,"(AberturaDePorta)",
254,"2016-05-12 12:53:01",0,0,0,0,0,1,"FechamentoDeporta",
255,"2016-05-12 12:53:31",0,0,0,0,0,0,"(AberturaDePorta)",
256,"2016-05-12 12:53:41",0,0,0,0,0,1,"FechamentoDeporta",
257,"2016-05-12 12:54:31",0,0,0,0,0,0,"(AberturaDePorta)",
258,"2016-05-12 12:54:41",0,0,0,0,0,1,"FechamentoDeporta",
259,"2016-05-12 12:55:01",0,0,0,0,0,0,"(AberturaDePorta)",
260,"2016-05-12 12:55:11",0,0,0,0,0,1,"FechamentoDeporta",
261,"2016-05-12 12:55:41",0,0,0,0,0,0,"(AberturaDePorta)",
262,"2016-05-12 12:56:01",0,0,0,0,0,1,"FechamentoDeporta",
263,"2016-05-12 12:57:41",0,0,0,0,0,0,"(AberturaDePorta)",
264,"2016-05-12 12:57:51",0,0,0,0,0,1,"FechamentoDeporta",
265,"2016-05-12 12:58:21",0,0,0,0,0,0,"(AberturaDePorta)",
266,"2016-05-12 12:58:41",0,0,0,0,0,1,"FechamentoDeporta",
267,"2016-05-12 12:59:21",0,0,0,0,0,0,"(AberturaDePorta)",
268,"2016-05-12 12:59:31",0,0,0,0,0,1,"FechamentoDeporta",
269,"2016-05-12 13:54:39",0,0,0,0,0,0,"(AberturaDePorta)",
270,"2016-05-12 13:54:49",0,0,0,0,0,1,"FechamentoDeporta",
271,"2016-05-12 13:55:19",0,0,0,0,1,1,"vacuoInicial",
272,"2016-05-12 14:02:49",0,0,0,0,1,0,"null",
273,"2016-05-12 14:02:59",0,0,0,0,1,1,"vacuoInicial",
274,"2016-05-12 14:07:59",0,0,0,0,1,0,"null",
275,"2016-05-12 14:08:09",0,0,0,0,1,1,"vacuoInicial",
276,"2016-05-12 14:16:59",0,0,1,0,1,1,"enchimento",
277,"2016-05-12 14:17:12",0,0,1,0,0,1,"enchimento",
278,"2016-05-12 14:18:09",0,0,1,0,0,0,"enchimento",
279,"2016-05-12 14:18:29",0,0,1,0,0,1,"enchimento",
280,"2016-05-12 14:20:29",0,0,1,0,0,0,"enchimento",
281,"2016-05-12 14:20:39",0,0,1,0,0,1,"enchimento",
282,"2016-05-12 14:20:49",0,0,1,0,0,0,"enchimento",
283,"2016-05-12 14:20:59",0,0,1,0,0,1,"enchimento",
284,"2016-05-12 14:21:49",0,0,0,0,0,1,"FechamentoDeporta",
285,"2016-05-12 14:21:59",1,0,0,0,0,1,"pressao",
286,"2016-05-12 14:22:19",1,0,0,0,0,0,"pressao",
287,"2016-05-12 14:22:29",1,0,0,0,0,1,"pressao",
288,"2016-05-12 14:23:29",1,0,0,0,0,0,"pressao",
289,"2016-05-12 14:24:19",1,0,0,0,0,1,"pressao",
290,"2016-05-12 14:25:29",1,0,0,0,0,0,"pressao",
291,"2016-05-12 14:25:39",1,0,0,0,0,1,"pressao",
292,"2016-05-12 14:26:19",1,0,0,0,0,0,"pressao",
293,"2016-05-12 14:26:39",1,0,0,0,0,1,"pressao",
294,"2016-05-12 14:28:19",1,0,0,0,0,0,"pressao",
295,"2016-05-12 14:28:29",1,0,0,0,0,1,"pressao",
296,"2016-05-12 14:29:19",1,0,0,0,0,0,"pressao",
297,"2016-05-12 14:29:29",1,0,0,0,0,1,"pressao",
298,"2016-05-12 14:29:49",1,0,0,0,0,0,"pressao",
299,"2016-05-12 14:29:59",1,0,0,0,0,1,"pressao",
300,"2016-05-12 14:31:59",1,0,0,0,0,0,"pressao",
301,"2016-05-12 14:32:09",1,0,0,0,0,1,"pressao",
302,"2016-05-12 14:32:52",1,0,0,0,0,0,"pressao",
303,"2016-05-12 14:32:59",1,0,0,0,0,1,"pressao",
304,"2016-05-12 14:33:49",1,0,0,0,0,0,"pressao",
305,"2016-05-12 14:34:09",1,0,0,0,0,1,"pressao",
306,"2016-05-12 14:36:29",1,0,0,0,0,0,"pressao",
307,"2016-05-12 14:36:39",1,0,0,0,0,1,"pressao",
308,"2016-05-12 14:36:59",1,0,0,0,0,0,"pressao",
309,"2016-05-12 14:37:09",1,0,0,0,0,1,"pressao",
310,"2016-05-12 14:38:29",1,0,0,0,0,0,"pressao",
311,"2016-05-12 14:38:49",1,0,0,0,0,1,"pressao",
312,"2016-05-12 14:39:19",1,0,0,0,0,0,"pressao",
313,"2016-05-12 14:39:29",1,0,0,0,0,1,"pressao",
314,"2016-05-12 14:40:29",1,0,0,0,0,0,"pressao",
315,"2016-05-12 14:40:59",1,0,0,0,0,1,"pressao",
316,"2016-05-12 14:41:39",1,0,0,0,0,0,"pressao",
317,"2016-05-12 14:41:49",1,0,0,0,0,1,"pressao",
318,"2016-05-12 14:42:39",1,0,0,0,0,0,"pressao",
319,"2016-05-12 14:42:59",1,0,0,0,0,1,"pressao",
320,"2016-05-12 14:48:29",1,0,0,0,0,0,"pressao",
321,"2016-05-12 14:48:39",1,0,0,0,0,1,"pressao",
322,"2016-05-12 14:51:29",1,0,0,0,0,0,"pressao",
323,"2016-05-12 14:51:39",1,0,0,0,0,1,"pressao",
324,"2016-05-12 14:53:39",1,0,0,0,0,0,"pressao",
325,"2016-05-12 14:53:49",1,0,0,0,0,1,"pressao",
326,"2016-05-12 14:54:39",1,0,0,0,0,0,"pressao",
327,"2016-05-12 14:54:49",1,0,0,0,0,1,"pressao",
328,"2016-05-12 14:56:19",1,0,0,0,0,0,"pressao",
329,"2016-05-12 14:56:29",1,0,0,0,0,1,"pressao",
330,"2016-05-12 14:56:59",1,0,0,0,0,0,"pressao",
331,"2016-05-12 14:57:09",1,0,0,0,0,1,"pressao",
332,"2016-05-12 14:57:49",1,0,0,0,0,0,"pressao",
333,"2016-05-12 14:57:59",1,0,0,0,0,1,"pressao",
334,"2016-05-12 14:58:49",1,0,0,0,0,0,"pressao",
335,"2016-05-12 14:58:59",1,0,0,0,0,1,"pressao",
336,"2016-05-12 15:00:29",1,0,0,0,0,0,"pressao",
337,"2016-05-12 15:00:42",1,0,0,0,0,1,"pressao",
338,"2016-05-12 15:01:39",1,0,0,0,0,0,"pressao",
339,"2016-05-12 15:01:59",1,0,0,0,0,1,"pressao",
340,"2016-05-12 15:02:09",1,0,0,0,0,0,"pressao",
341,"2016-05-12 15:02:49",1,0,0,0,0,1,"pressao",
342,"2016-05-12 15:04:19",1,0,0,0,0,0,"pressao",
343,"2016-05-12 15:04:49",0,0,1,0,0,0,"enchimento",
344,"2016-05-12 15:04:59",0,0,1,0,0,1,"enchimento",
345,"2016-05-12 15:06:09",0,0,1,0,0,0,"enchimento",
346,"2016-05-12 15:06:39",0,0,1,0,0,1,"enchimento",
347,"2016-05-12 15:08:09",0,0,1,0,0,0,"enchimento",
348,"2016-05-12 15:08:32",0,0,1,0,0,1,"enchimento",
349,"2016-05-12 15:10:09",0,0,1,0,0,0,"enchimento",
350,"2016-05-12 15:10:19",0,0,1,0,1,1,"enchimento",
351,"2016-05-12 15:10:29",0,0,0,0,1,1,"vacuoInicial",
352,"2016-05-12 15:10:39",0,0,0,0,1,0,"null",
353,"2016-05-12 15:10:49",0,0,0,0,1,1,"vacuoInicial",
354,"2016-05-12 15:40:29",0,0,1,0,1,1,"enchimento",
355,"2016-05-12 15:40:39",0,0,1,0,0,1,"enchimento",
356,"2016-05-12 15:40:59",0,0,0,0,0,1,"FechamentoDeporta",
357,"2016-05-12 15:42:29",0,0,0,0,0,0,"(AberturaDePorta)",
358,"2016-05-12 15:42:39",0,0,0,0,0,1,"FechamentoDeporta",
359,"2016-05-12 15:43:19",0,0,0,0,0,0,"(AberturaDePorta)",
360,"2016-05-12 15:43:29",0,0,0,0,0,1,"FechamentoDeporta",
361,"2016-05-12 15:54:49",0,0,0,0,1,1,"vacuoInicial",
362,"2016-05-12 16:02:49",0,0,0,0,1,0,"null",
363,"2016-05-12 16:02:59",0,0,0,0,1,1,"vacuoInicial",
364,"2016-05-12 16:12:19",0,0,1,0,1,1,"enchimento",
365,"2016-05-12 16:12:29",0,0,1,0,0,1,"enchimento",
366,"2016-05-12 16:15:09",0,0,1,0,0,0,"enchimento",
367,"2016-05-12 16:15:19",0,0,1,0,0,1,"enchimento",
368,"2016-05-12 16:15:59",0,0,1,0,0,0,"enchimento",
369,"2016-05-12 16:16:19",0,0,1,0,0,1,"enchimento",
370,"2016-05-12 16:16:39",0,0,1,0,0,0,"enchimento",
371,"2016-05-12 16:16:59",0,0,0,0,0,1,"FechamentoDeporta",
372,"2016-05-12 16:17:19",1,0,0,0,0,1,"pressao",
373,"2016-05-12 16:17:39",1,0,0,0,0,0,"pressao",
374,"2016-05-12 16:17:59",1,0,0,0,0,1,"pressao",
375,"2016-05-12 16:18:09",1,0,0,0,0,0,"pressao",
376,"2016-05-12 16:18:19",1,0,0,0,0,1,"pressao",
377,"2016-05-12 16:19:09",1,0,0,0,0,0,"pressao",
378,"2016-05-12 16:19:39",1,0,0,0,0,1,"pressao",
379,"2016-05-12 16:21:39",1,0,0,0,0,0,"pressao",
380,"2016-05-12 16:21:49",1,0,0,0,0,1,"pressao",
381,"2016-05-12 16:22:19",1,0,0,0,0,0,"pressao",
382,"2016-05-12 16:22:29",1,0,0,0,0,1,"pressao",
383,"2016-05-12 16:24:49",1,0,0,0,0,0,"pressao",
384,"2016-05-12 16:24:59",1,0,0,0,0,1,"pressao",
385,"2016-05-12 16:25:49",1,0,0,0,0,0,"pressao",
386,"2016-05-12 16:25:59",1,0,0,0,0,1,"pressao",
387,"2016-05-12 16:26:39",1,0,0,0,0,0,"pressao",
388,"2016-05-12 16:26:59",1,0,0,0,0,1,"pressao",
389,"2016-05-12 16:27:19",1,0,0,0,0,0,"pressao",
390,"2016-05-12 16:27:42",1,0,0,0,0,1,"pressao",
391,"2016-05-12 16:28:39",1,0,0,0,0,0,"pressao",
392,"2016-05-12 16:28:49",1,0,0,0,0,1,"pressao",
393,"2016-05-12 16:29:09",1,0,0,0,0,0,"pressao",
394,"2016-05-12 16:29:29",1,0,0,0,0,1,"pressao",
395,"2016-05-12 16:30:39",1,0,0,0,0,0,"pressao",
396,"2016-05-12 16:31:19",1,0,0,0,0,1,"pressao",
397,"2016-05-12 16:31:29",1,0,0,0,0,0,"pressao",
398,"2016-05-12 16:32:09",1,0,0,0,0,1,"pressao",
399,"2016-05-12 16:33:09",1,0,0,0,0,0,"pressao",
400,"2016-05-12 16:33:39",1,0,0,0,0,1,"pressao",
401,"2016-05-12 16:36:39",1,0,0,0,0,0,"pressao",
402,"2016-05-12 16:36:49",1,0,0,0,0,1,"pressao",
403,"2016-05-12 16:36:59",1,0,0,0,0,0,"pressao",
404,"2016-05-12 16:37:29",1,0,0,0,0,1,"pressao",
405,"2016-05-12 16:41:49",1,0,0,0,0,0,"pressao",
406,"2016-05-12 16:41:59",1,0,0,0,0,1,"pressao",
407,"2016-05-12 16:45:09",1,0,0,0,0,0,"pressao",
408,"2016-05-12 16:45:19",1,0,0,0,0,1,"pressao",
409,"2016-05-12 16:47:42",1,0,0,0,0,0,"pressao",
410,"2016-05-12 16:47:49",1,0,0,0,0,1,"pressao",
411,"2016-05-12 16:51:49",1,0,0,0,0,0,"pressao",
412,"2016-05-12 16:52:09",1,0,0,0,0,1,"pressao",
413,"2016-05-12 16:53:29",1,0,0,0,0,0,"pressao",
414,"2016-05-12 16:53:39",1,0,0,0,0,1,"pressao",
415,"2016-05-12 16:54:19",1,0,0,0,0,0,"pressao",
416,"2016-05-12 16:54:29",1,0,0,0,0,1,"pressao",
417,"2016-05-12 16:54:49",1,0,0,0,0,0,"pressao",
418,"2016-05-12 16:55:09",1,0,0,0,0,1,"pressao",
419,"2016-05-12 16:55:29",1,0,0,0,0,0,"pressao",
420,"2016-05-12 16:55:39",1,0,0,0,0,1,"pressao",
421,"2016-05-12 16:56:19",1,0,0,0,0,0,"pressao",
422,"2016-05-12 16:56:29",1,0,0,0,0,1,"pressao",
423,"2016-05-12 16:59:29",1,0,0,0,0,0,"pressao",
424,"2016-05-12 16:59:39",1,0,0,0,0,1,"pressao",
425,"2016-05-12 17:00:39",1,0,0,0,0,0,"pressao",
426,"2016-05-12 17:00:49",1,0,0,0,0,1,"pressao",
427,"2016-05-12 17:01:39",1,0,0,0,0,0,"pressao",
428,"2016-05-12 17:01:49",1,0,0,0,0,1,"pressao",
429,"2016-05-12 17:03:09",1,0,0,0,0,0,"pressao",
430,"2016-05-12 17:03:59",1,0,0,0,0,1,"pressao",
431,"2016-05-12 17:04:39",1,0,0,0,0,0,"pressao",
432,"2016-05-12 17:04:59",1,0,0,0,0,1,"pressao",
433,"2016-05-12 17:06:39",1,0,0,0,0,0,"pressao",
434,"2016-05-12 17:06:49",1,0,0,0,0,1,"pressao",
435,"2016-05-12 17:08:29",1,0,0,0,0,0,"pressao",
436,"2016-05-12 17:08:39",0,0,0,0,0,0,"(AberturaDePorta)",
437,"2016-05-12 17:08:49",0,0,1,0,0,0,"enchimento",
438,"2016-05-12 17:08:59",0,0,1,0,0,1,"enchimento",
439,"2016-05-12 17:10:49",0,0,1,0,0,0,"enchimento",
440,"2016-05-12 17:10:59",0,0,1,0,0,1,"enchimento",
441,"2016-05-12 17:11:59",0,0,1,0,0,0,"enchimento",
442,"2016-05-12 17:12:29",0,0,1,0,0,1,"enchimento",
443,"2016-05-12 17:14:39",0,0,0,0,0,0,"(AberturaDePorta)",
444,"2016-05-12 17:14:59",0,0,0,0,1,1,"vacuoInicial",
445,"2016-05-12 17:43:59",0,0,0,0,0,1,"FechamentoDeporta",
446,"2016-05-12 17:45:29",0,0,1,0,0,1,"enchimento",
447,"2016-05-12 17:46:29",0,0,0,0,0,1,"FechamentoDeporta",
448,"2016-05-12 18:08:30",0,0,0,0,1,1,"vacuoInicial",
449,"2016-05-12 18:22:10",0,0,0,0,1,0,"null",
450,"2016-05-12 18:22:20",0,0,0,0,1,1,"vacuoInicial",
451,"2016-05-13 14:05:44",1,0,0,0,0,1,"pressao",
452,"2016-05-13 14:06:30",1,0,0,0,0,0,"pressao",
453,"2016-05-13 14:06:40",1,0,0,0,0,1,"pressao",
454,"2016-05-13 14:08:50",1,0,0,0,0,0,"pressao",
455,"2016-05-13 14:09:10",1,0,0,0,0,1,"pressao",
456,"2016-05-13 14:10:50",1,0,0,0,0,0,"pressao",
457,"2016-05-13 14:11:00",1,0,0,0,0,1,"pressao",
458,"2016-05-13 14:11:30",1,0,0,0,0,0,"pressao",
459,"2016-05-13 14:11:40",1,0,0,0,0,1,"pressao",
460,"2016-05-13 14:12:00",1,0,0,0,0,0,"pressao",
461,"2016-05-13 14:12:10",1,0,0,0,0,1,"pressao",
462,"2016-05-13 14:13:10",1,0,0,0,0,0,"pressao",
463,"2016-05-13 14:13:20",1,0,0,0,0,1,"pressao",
464,"2016-05-13 14:13:30",1,0,0,0,0,0,"pressao",
465,"2016-05-13 14:13:40",1,0,0,0,0,1,"pressao",
466,"2016-05-13 14:13:50",1,0,0,0,0,0,"pressao",
467,"2016-05-13 14:14:00",1,0,0,0,0,1,"pressao",
468,"2016-05-13 14:14:20",1,0,0,0,0,0,"pressao",
469,"2016-05-13 14:14:30",1,0,0,0,0,1,"pressao",
470,"2016-05-13 14:18:38",0,0,0,0,0,1,"FechamentoDeporta",
471,"2016-05-13 14:18:48",0,0,1,0,0,1,"enchimento",
472,"2016-05-13 14:20:48",0,0,1,0,0,0,"enchimento",
473,"2016-05-13 14:20:58",0,0,1,0,0,1,"enchimento",
474,"2016-05-13 14:21:58",0,0,1,0,0,0,"enchimento",
475,"2016-05-13 14:22:08",0,0,1,0,0,1,"enchimento",
476,"2016-05-13 14:22:28",0,0,1,0,0,0,"enchimento",
477,"2016-05-13 14:22:48",0,0,1,0,0,1,"enchimento",
478,"2016-05-13 14:23:08",0,0,1,0,0,0,"enchimento",
479,"2016-05-13 14:23:18",0,0,1,0,0,1,"enchimento",
480,"2016-05-13 14:24:08",0,0,1,0,0,0,"enchimento",
481,"2016-05-13 14:24:18",0,0,1,0,0,1,"enchimento",
482,"2016-05-13 14:24:48",0,0,1,0,1,1,"enchimento",
483,"2016-05-13 14:24:58",0,0,0,0,1,1,"vacuoInicial",
484,"2016-05-13 14:42:04",0,0,1,0,0,1,"enchimento",
485,"2016-05-13 14:42:44",0,0,1,0,0,0,"enchimento",
486,"2016-05-13 14:42:54",0,0,1,0,0,1,"enchimento",
487,"2016-05-13 14:43:14",0,0,1,0,0,0,"enchimento",
488,"2016-05-13 14:43:24",0,0,0,0,0,1,"FechamentoDeporta",
489,"2016-05-13 14:44:04",0,0,0,0,0,0,"(AberturaDePorta)",
490,"2016-05-13 14:44:14",0,0,0,0,0,1,"FechamentoDeporta",
491,"2016-05-16 09:58:44",0,0,0,0,1,1,"vacuoInicial",
492,"2016-05-16 10:03:09",0,0,1,0,0,1,"enchimento",
493,"2016-05-16 10:03:49",0,0,0,0,0,1,"FechamentoDeporta",
494,"2016-05-16 10:12:49",0,0,0,0,0,0,"(AberturaDePorta)",
495,"2016-05-16 10:13:19",0,0,0,0,1,0,"null",
496,"2016-05-16 10:32:39",0,0,1,0,1,0,"enchimento",
497,"2016-05-16 10:32:46",0,0,1,0,0,0,"enchimento",
498,"2016-05-16 10:32:56",0,0,0,0,0,0,"FechamentoDeporta",
499,"2016-05-16 10:34:56",0,0,1,0,0,0,"enchimento",
500,"2016-05-16 10:38:26",0,0,0,0,0,0,"FechamentoDeporta",
501,"2016-05-16 10:38:36",1,0,0,0,0,0,"pressao",
502,"2016-05-16 11:19:15",0,0,0,0,0,0,"FechamentoDeporta",
503,"2016-05-16 11:19:25",0,0,1,0,0,0,"enchimento",
504,"2016-05-16 11:37:17",0,0,0,0,0,0,"FechamentoDeporta",
505,"2016-05-16 12:10:15",0,0,0,0,1,0,"vacuoInicial",
506,"2016-05-16 12:25:15",0,0,0,0,0,0,"FechamentoDeporta",
507,"2016-05-16 12:25:25",0,0,1,0,0,0,"enchimento",
508,"2016-05-16 12:26:35",0,0,0,0,0,0,"FechamentoDeporta",
509,"2016-05-16 12:27:05",0,0,0,0,0,1,"AberturaDePorta",
510,"2016-05-16 13:07:45",0,0,0,0,0,0,"FechamentoDeporta",
511,"2016-05-16 13:07:55",0,0,0,0,0,1,"AberturaDePorta",
512,"2016-05-16 13:11:05",0,0,0,0,0,0,"FechamentoDeporta",
513,"2016-05-16 13:12:25",0,0,0,0,1,0,"vacuoInicial",
514,"2016-05-16 13:31:35",0,0,1,0,0,0,"enchimento",
515,"2016-05-16 13:36:05",0,0,0,0,0,0,"FechamentoDeporta",
516,"2016-05-16 13:36:15",1,0,0,0,0,0,"pressao",
517,"2016-05-16 14:18:45",0,0,0,0,0,0,"FechamentoDeporta",
518,"2016-05-16 14:18:55",0,0,1,0,0,0,"enchimento",
519,"2016-05-16 14:24:36",0,0,0,0,1,0,"vacuoInicial",
520,"2016-05-16 14:44:16",0,0,1,0,1,0,"enchimento",
521,"2016-05-16 14:44:26",0,0,1,0,0,0,"enchimento",
522,"2016-05-16 14:44:56",0,0,0,0,0,0,"FechamentoDeporta",
523,"2016-05-16 14:47:06",0,0,0,0,0,1,"AberturaDePorta",
528,"2016-05-16 15:08:42",0,0,0,0,1,0,"vacuoInicial",
529,"2016-05-16 15:13:19",0,0,0,0,1,0,"vacuoInicial",
530,"2016-05-16 15:16:32",0,0,1,0,1,0,"enchimento",
531,"2016-05-16 15:16:42",0,0,1,0,0,0,"enchimento",
532,"2016-05-16 15:21:02",0,0,0,0,0,0,"FechamentoDeporta",
533,"2016-05-16 15:21:22",1,0,0,0,0,0,"pressao",
534,"2016-05-16 16:06:59",0,0,1,0,0,0,"enchimento",
535,"2016-05-16 16:14:09",0,0,0,0,1,0,"vacuoInicial",
536,"2016-05-16 16:33:49",0,0,1,0,1,0,"enchimento",
537,"2016-05-16 16:33:59",0,0,1,0,0,0,"enchimento",
538,"2016-05-16 16:34:29",0,0,0,0,0,0,"FechamentoDeporta",
539,"2016-05-16 16:36:49",0,0,0,0,0,1,"AberturaDePorta",
540,"2016-05-16 16:55:59",0,0,0,0,0,0,"FechamentoDeporta",
541,"2016-05-16 16:56:59",0,0,0,0,1,0,"vacuoInicial",
542,"2016-05-16 17:18:09",0,0,1,0,0,0,"enchimento",
543,"2016-05-16 17:22:40",0,0,0,0,0,0,"FechamentoDeporta",
544,"2016-05-16 17:22:50",1,0,0,0,0,0,"pressao",
